"Year","Weekday","Weekday.Code","Total_Births","Cesarean_Births","Cesarean_Pct_Of_Births","Non-Cesarean_Births","Non-Cesarean_Pct_Of_Births"
2017,"Friday","6",612505,212549,0.347015942726998,399956,0.652984057273002
2017,"Monday","2",572409,203365,0.355279179747348,369044,0.644720820252652
2017,"Saturday","7",426569,101808,0.238667132398276,324761,0.761332867601724
2017,"Sunday","1",379709,87480,0.230386954220205,292229,0.769613045779795
2017,"Thursday","5",621888,206960,0.332793043120305,414928,0.667206956879695
2017,"Tuesday","3",621061,211632,0.340758798250091,409429,0.659241201749909
2017,"Wednesday","4",621359,208545,0.335627229991036,412814,0.664372770008964
